category,subject,topic,description,keywords
인문학,국어/언어와 매체/정보,"AI 시대의 언어 변화와 인간 언어의 특징 분석","인공지능 번역기와 생성형 AI가 사용하는 언어 표현을 분석하고 인간의 언어 사용 방식과 비교한다. 형태소 분석, 자연어 처리 원리와 언어학적 관점을 연결하여 AI 언어 처리의 특징과 한계를 탐구한다.","인공지능;자연어처리;언어학;형태소분석"
인문학,독서/고전 읽기/윤리,"고전 문학 속 인간관과 현대 사회 문제의 비교 분석","고전 작품에 나타난 인간관, 사회적 가치, 윤리적 문제를 분석하고 현대 사회의 사례와 비교한다. 시대별 가치관 변화가 문학 표현과 주제 형성에 미친 영향을 탐구한다.","고전문학;윤리;사회변화;인간관"
인문학,국어/언어와 매체/정보,"온라인 공간의 신조어 생성 원리와 언어 변화 연구","인터넷 커뮤니티와 SNS에서 등장하는 신조어를 수집하고 생성 방식과 의미 변화를 분석한다. 언어의 사회적 기능과 디지털 환경이 언어 변화에 미치는 영향을 탐구한다.","신조어;언어변화;디지털문화;사회언어학"
인문학,영어/정보/수학,"영어 텍스트의 감정 분석과 인공지능 기반 언어 분석","영어 뉴스나 소셜미디어 데이터를 수집하여 긍정·부정 감정 표현을 분석한다. 텍스트 마이닝과 감정 분석 알고리즘을 활용하여 언어 데이터 분석 방법을 탐구한다.","영어텍스트;감정분석;텍스트마이닝;데이터분석"
인문학,국어/문학/사회문화,"문학 작품 속 사회적 약자 표현 변화 분석","시대별 문학 작품에서 사회적 약자가 어떻게 표현되어 왔는지 분석한다. 작품 속 인물 묘사와 사회 구조 변화의 관계를 문학적 관점에서 탐구한다.","문학분석;사회문화;인물표현;시대변화"
인문학,영어/세계사/문화,"영어권 국가의 역사적 사건이 언어 표현에 미친 영향","영어권 국가의 주요 역사 사건과 관련된 표현과 관용어를 조사한다. 역사적 배경이 언어 형성과 문화적 의미에 어떤 영향을 주었는지 분석한다.","영어문화;세계사;관용표현;역사언어학"
인문학,국어/언어와 매체/정보,"가짜 뉴스의 언어적 특징과 판별 방법 연구","온라인 뉴스 데이터를 분석하여 가짜 뉴스에서 나타나는 표현 방식과 설득 전략을 조사한다. 정보 검증 과정과 언어 분석 방법을 연결하여 미디어 문해력을 탐구한다.","가짜뉴스;미디어문해력;언어분석;정보검증"
인문학,고전 읽기/철학/윤리,"동서양 고전에서 나타난 행복 개념 비교 연구","동양과 서양 철학 고전에서 제시하는 행복의 의미를 비교한다. 철학적 개념을 현대 사회의 삶의 방식과 연결하여 분석한다.","철학;고전;행복론;윤리"
인문학,국어/문학/심리학,"문학 작품 속 인물의 심리 변화와 서사 구조 분석","소설 속 주요 인물의 심리 변화를 분석하고 사건 전개와의 관계를 탐구한다. 심리학의 인간 행동 이론과 문학적 표현 방식을 연결한다.","문학;심리학;서사구조;인물분석"
인문학,영어/독서/정보,"온라인 영어 학습 자료의 효과 분석","영어 학습 플랫폼과 영상 자료를 비교하여 학습 효과를 분석한다. 학습 데이터 수집과 통계 분석을 통해 효과적인 영어 학습 방식의 특징을 탐구한다.","영어교육;학습데이터;통계분석;온라인학습"
인문학,국어/사회문화/통합사회,"지역 방언의 특징과 사회적 인식 변화 연구","지역별 방언 자료를 조사하고 발음과 어휘 특징을 비교한다. 방언에 대한 사회적 인식과 지역 문화의 관계를 탐구한다.","방언;지역문화;사회언어학;언어다양성"
인문학,영어/문학/세계사,"영미 문학 작품 속 시대적 가치관 분석","대표적인 영미 문학 작품을 선정하여 작품 속 시대 상황과 가치관을 분석한다. 역사적 배경과 문학 표현의 연관성을 탐구한다.","영미문학;역사배경;가치관;문학비평"
인문학,국어/언어와 매체/정보,"생성형 AI가 만든 글과 인간 글의 표현 특징 비교","AI 생성 글과 인간 작성 글을 비교하여 문장 구조, 어휘 사용, 표현 방식의 차이를 분석한다. 자연어 생성 기술의 원리와 인간 언어 표현의 특징을 탐구한다.","생성형AI;글쓰기;자연어생성;표현분석"
인문학,일본어/문화/세계사,"일본어 표현 속 문화적 가치관 분석","일본어의 존댓말, 관용 표현, 문화 관련 어휘를 분석한다. 언어 표현 속에 반영된 일본 사회의 문화적 특징을 탐구한다.","일본어;언어문화;존댓말;문화연구"
인문학,국어/독서/경제,"광고 언어의 설득 전략과 소비자 심리 분석","광고 문구를 분석하여 사용되는 표현 전략과 설득 방식을 탐구한다. 경제적 소비 행동과 언어 표현의 관계를 분석한다.","광고언어;소비심리;설득전략;마케팅"
인문학,영어/정보/수학,"영어 단어 빈도 분석을 통한 언어 사용 패턴 연구","영어 텍스트 자료를 수집하여 단어 출현 빈도와 특징을 분석한다. 빈도 분석, 통계적 언어 분석 방법을 활용하여 언어 사용 패턴을 탐구한다.","영어데이터;빈도분석;통계;언어패턴"
인문학,국어/문학/미술,"문학 작품과 삽화의 표현 방식 비교 연구","문학 작품의 내용과 이를 시각화한 삽화를 비교 분석한다. 언어 표현과 시각 표현이 독자에게 전달하는 의미 차이를 탐구한다.","문학;삽화;표현방식;융합예술"
인문학,고전 읽기/한국사/윤리,"한국 고전 속 정치 사상과 현대 민주주의 비교","한국 고전 문헌에 나타난 정치적 이상과 사회 질서를 분석한다. 현대 민주주의 가치와 비교하여 시대별 정치 사상의 변화를 탐구한다.","한국고전;정치사상;민주주의;역사"
인문학,국어/언어와 매체/사회문화,"SNS 댓글 문화와 온라인 의사소통 방식 분석","SNS 댓글 데이터를 분석하여 온라인 의사소통의 특징과 문제점을 탐구한다. 언어 사용 방식과 사회적 관계 형성의 연관성을 분석한다.","SNS;온라인소통;댓글문화;사회언어학"
인문학,영어/독서/철학,"영어 철학 에세이 분석을 통한 논증 구조 연구","영어 철학 글을 분석하여 주장, 근거, 반박 구조를 파악한다. 논리적 글쓰기 방식과 비판적 사고 과정을 탐구한다.","영어독해;논증;비판적사고;철학"
인문학,국어/정보/인공지능,"한국어 자연어 처리 기술과 언어 특성 연구","한국어 형태적 특징이 인공지능 언어 처리 과정에서 어떤 어려움을 만드는지 분석한다. 형태소 분석과 언어 모델의 원리를 연결하여 탐구한다.","한국어처리;AI;형태소;언어모델"
인문학,문학/음악/예술,"문학 작품의 감정 표현과 음악적 표현 비교","문학 작품의 감정 표현 방식과 음악 작품의 분위기 표현을 비교한다. 예술 분야에서 감정을 전달하는 다양한 방법을 분석한다.","문학;음악;감정표현;예술융합"
인문학,영어/사회문화/미디어,"영어권 미디어에서 나타나는 문화 프레임 분석","영어 뉴스와 미디어 자료를 분석하여 특정 사건을 바라보는 관점과 표현 방식을 탐구한다. 언어가 사회적 인식 형성에 미치는 영향을 분석한다.","영어미디어;문화프레임;뉴스분석;사회인식"
인문학,국어/법과 정치/언어와 매체,"법률 문서의 언어 구조와 명확성 분석","법률 문서에서 사용되는 전문 용어와 문장 구조를 분석한다. 정확한 의사 전달을 위한 언어 표현 방식과 사회적 역할을 탐구한다.","법률언어;문장구조;의사소통;전문용어"
인문학,영어/정보/인공지능,"AI 번역과 인간 번역의 차이 분석","영어 문장을 대상으로 AI 번역 결과와 인간 번역 결과를 비교한다. 기계 번역 알고리즘과 번역 과정에서 발생하는 의미 해석 문제를 탐구한다.","기계번역;AI;번역학;자연어처리"
인문학,국어/문학/역사,"역사적 사건을 다룬 문학 작품의 사실성과 해석 비교","역사적 사건을 배경으로 한 문학 작품을 선정하여 실제 역사와 비교한다. 문학적 재구성과 역사 해석의 차이를 분석한다.","역사소설;문학해석;한국사;사실성"
인문학,제2외국어/문화/사회문화,"외국어 표현 속 문화 차이와 의사소통 문제 연구","다른 언어권의 표현 방식을 비교하고 문화적 차이가 의사소통에 미치는 영향을 분석한다. 언어와 문화의 상호작용을 탐구한다.","외국어;문화차이;의사소통;다문화"
인문학,국어/독서/정보,"독서 데이터 분석을 통한 독서 경향 연구","독서 기록이나 공개 데이터를 활용하여 시대별 독서 경향을 분석한다. 데이터 시각화와 통계 분석을 활용하여 독서 문화 변화를 탐구한다.","독서데이터;통계;문화분석;데이터시각화"
인문학,영어/문학/심리학,"영어 소설 속 인물 관계와 심리 분석","영어 소설의 등장인물 관계와 심리 변화를 분석한다. 심리학 개념과 문학적 서술 방식을 연결하여 작품 이해를 심화한다.","영어소설;심리분석;인물관계;문학"
인문학,국어/언어와 매체/정보,"음성 인식 기술과 한국어 발음 특징 연구","음성 인식 AI가 한국어 발음을 처리하는 과정을 조사한다. 음성 데이터 분석과 한국어 음운 특징을 연결하여 기술적 한계를 탐구한다.","음성인식;AI;한국어음운;음성데이터"
인문학,고전 읽기/독서/사회문화,"고전 속 인간 관계와 현대 사회 관계 변화 비교","고전 문헌 속 인간 관계의 특징을 분석하고 현대 사회의 관계 형성과 비교한다. 사회 변화가 인간 관계와 가치관에 미친 영향을 탐구한다.","고전읽기;인간관계;사회변화;가치관"

category,subject,topic,description,keywords
사회과학,통합사회/경제/정보,"인공지능 자동화가 노동시장 구조에 미치는 영향 분석","인공지능과 자동화 기술 발전이 직업 변화와 고용 구조에 미치는 영향을 산업별 데이터로 분석한다. 경제의 노동 수요와 공급 개념 및 데이터 분석 방법을 활용하여 미래 노동 시장 변화를 탐구한다.","인공지능;노동시장;경제분석;자동화"
사회과학,경제/수학/정보,"소비자 구매 패턴 분석을 통한 합리적 소비 행동 연구","온라인 쇼핑 데이터를 활용하여 소비자의 구매 요인과 선택 패턴을 분석한다. 평균, 상관관계 등 통계 개념을 적용하여 가격과 소비 행동 사이의 관계를 탐구한다.","소비행동;통계;경제;데이터분석"
사회과학,사회문화/정보/수학,"SNS 이용 시간이 사회적 관계 형성에 미치는 영향 분석","SNS 사용 시간과 사회적 관계 만족도에 관한 설문 데이터를 수집하고 분석한다. 통계적 방법을 활용하여 디지털 환경이 인간관계 변화에 미치는 영향을 탐구한다.","SNS;사회관계;설문조사;통계"
사회과학,정치와 법/정보/윤리,"가짜뉴스 확산 구조와 민주주의 의사결정 영향 연구","온라인 가짜뉴스 사례를 분석하고 정보 확산 과정과 사회적 영향을 탐구한다. 네트워크 구조와 정보 검증 방법을 활용하여 민주사회에서 정보의 역할을 분석한다.","가짜뉴스;민주주의;정보사회;네트워크"
사회과학,경제/지리/수학,"지역별 경제 격차와 인구 이동의 상관관계 분석","지역별 소득, 인구 변화, 산업 구조 데이터를 비교하여 경제 격차 원인을 분석한다. 통계 분석을 통해 지역 발전 정책의 방향을 탐구한다.","지역격차;인구이동;경제;통계"
사회과학,사회문화/생명과학/통합사회,"저출산 현상의 사회적 원인과 해결 정책 분석","저출산 현상을 경제적 요인, 가족 가치관 변화, 사회 구조 측면에서 분석한다. 생명과학의 인구 구조 개념과 사회 정책을 연결하여 해결 방안을 탐구한다.","저출산;인구문제;사회정책;인구구조"
사회과학,경제/수학/정보,"물가 변화와 소비자 물가지수 분석","최근 물가 데이터를 활용하여 상품 가격 변화와 소비자 물가지수의 관계를 분석한다. 경제 지표 계산 방식과 통계적 해석 방법을 탐구한다.","물가;경제지표;소비자물가지수;통계"
사회과학,정치와 법/세계사/윤리,"민주주의 발전 과정과 현대 정치 제도의 비교 연구","세계 여러 국가의 민주주의 발전 과정을 역사적으로 분석한다. 정치 제도의 특징과 시민 참여 방식의 차이를 비교하여 현대 민주주의의 의미를 탐구한다.","민주주의;정치제도;세계사;시민참여"
사회과학,지리/환경/통합사회,"기후 변화가 지역 사회와 경제에 미치는 영향 분석","기후 변화가 농업, 산업, 생활 환경에 미치는 영향을 지역별 사례로 분석한다. 환경 데이터와 지리 정보를 활용하여 기후 대응 정책을 탐구한다.","기후변화;환경;지리정보;지역사회"
사회과학,경제/통합사회/수학,"소득 불평등과 사회 이동성 분석","소득 분배 자료를 활용하여 경제적 불평등 정도를 분석한다. 지니계수 등 경제 지표를 활용하여 사회 이동성과 복지 정책의 관계를 탐구한다.","소득불평등;지니계수;복지;경제"
사회과학,사회문화/국어/정보,"온라인 커뮤니티 언어 사용과 집단 문화 형성 연구","온라인 커뮤니티의 게시글과 댓글을 분석하여 집단 정체성과 언어 사용 특징을 연구한다. 사회문화 이론과 텍스트 분석 방법을 활용한다.","온라인문화;언어분석;집단문화;텍스트분석"
사회과학,경제/지리/세계사,"세계 경제 변화와 국제 분업 구조 분석","세계화 과정에서 국가별 산업 구조 변화와 국제 무역 관계를 분석한다. 세계 경제 데이터를 활용하여 국가 간 경제 의존성을 탐구한다.","세계화;국제무역;경제구조;산업분석"
사회과학,정치와 법/정보/수학,"선거 결과 데이터 분석을 통한 정치 참여 연구","선거 결과와 투표율 데이터를 분석하여 정치 참여 요인을 탐구한다. 통계적 분석을 통해 지역별 정치 참여 차이를 연구한다.","선거;정치참여;데이터분석;통계"
사회과학,사회문화/심리학/정보,"사회적 편견 형성과 미디어 영향 분석","미디어 콘텐츠가 사회적 인식 형성에 미치는 영향을 분석한다. 심리학의 인지 과정과 사회문화 개념을 연결하여 편견 형성 과정을 탐구한다.","편견;미디어;사회심리;문화"
사회과학,경제/정보/수학,"암호화폐 시장 변동성과 경제 심리 분석","암호화폐 가격 데이터를 분석하여 시장 변동성과 투자 심리의 관계를 탐구한다. 경제 원리와 데이터 분석 기법을 활용하여 금융 시장 특징을 연구한다.","암호화폐;금융;시장분석;데이터"
사회과학,지리/정보/수학,"GIS를 활용한 도시 공간 구조 분석","도시 인구와 시설 위치 데이터를 활용하여 도시 공간 구조를 분석한다. 지리정보시스템과 공간 분석 방법을 통해 도시 문제 해결 방안을 탐구한다.","GIS;도시계획;공간분석;지리"
사회과학,정치와 법/윤리/정보,"개인정보 보호와 디지털 사회의 법적 쟁점 연구","디지털 환경에서 개인정보 활용과 보호 문제를 법적 관점에서 분석한다. 정보 기술 발전과 기본권 보호 사이의 균형을 탐구한다.","개인정보;디지털법;정보사회;기본권"
사회과학,경제/환경/통합사회,"탄소중립 정책과 경제 성장의 관계 분석","탄소중립 정책이 산업과 경제 성장에 미치는 영향을 분석한다. 환경 정책과 경제 효율성 사이의 관계를 탐구한다.","탄소중립;환경경제;지속가능성;정책"
사회과학,사회문화/통합사회/생명과학,"고령화 사회의 변화와 사회 시스템 대응 연구","고령화로 인한 의료, 복지, 노동 문제를 분석한다. 인구 구조 변화와 사회 제도의 대응 방안을 탐구한다.","고령화;복지;인구구조;사회변화"
사회과학,경제/수학/정보,"주식 시장 데이터 분석과 경제 지표의 관계 연구","주가 변화와 경제 지표 사이의 관계를 분석한다. 상관관계와 데이터 시각화를 활용하여 금융 시장 변동 요인을 탐구한다.","주식;경제지표;상관분석;금융"
사회과학,지리/세계사/경제,"국제 이주와 지역 변화 분석","국제 이주 현상이 지역 경제와 문화 변화에 미치는 영향을 분석한다. 세계화와 인구 이동 데이터를 활용하여 사회 변화를 탐구한다.","국제이주;세계화;인구이동;지역변화"
사회과학,정치와 법/역사/윤리,"인권 개념의 발전과 현대 사회 적용 분석","역사적으로 인권 개념이 발전한 과정을 분석하고 현대 사회 문제와 연결한다. 법적 권리와 윤리적 가치의 관계를 탐구한다.","인권;법;역사;윤리"
사회과학,경제/사회문화/정보,"플랫폼 경제가 사회 구조에 미치는 영향 연구","배달 플랫폼과 온라인 서비스 산업의 성장 과정을 분석한다. 플랫폼 경제의 장점과 노동 문제를 경제 및 사회문화 관점에서 탐구한다.","플랫폼경제;노동;디지털경제;사회변화"
사회과학,통합사회/지리/환경,"도시 열섬 현상과 도시 환경 정책 분석","도시별 기온 데이터를 활용하여 열섬 현상의 원인을 분석한다. 도시 구조와 환경 정책의 관계를 탐구한다.","도시열섬;환경정책;기후;도시"
사회과학,경제/사회문화/심리학,"행동경제학으로 분석하는 비합리적 소비 행동","소비자가 항상 합리적으로 행동하지 않는 이유를 심리학과 경제학 관점에서 분석한다. 실제 소비 사례를 통해 행동경제학 원리를 탐구한다.","행동경제학;소비심리;경제;의사결정"
사회과학,정치와 법/사회문화/정보,"디지털 시민성과 온라인 정치 참여 연구","온라인 공간에서 나타나는 정치 참여 형태를 분석한다. 디지털 시민성 개념과 민주주의 변화 과정을 탐구한다.","디지털시민;정치참여;민주주의;온라인"
사회과학,지리/경제/정보,"스마트시티 기술과 도시 문제 해결 방안 연구","스마트시티에서 활용되는 데이터 기술과 도시 문제 해결 사례를 분석한다. 정보 기술과 도시 계획의 융합 가능성을 탐구한다.","스마트시티;IoT;도시문제;데이터"
사회과학,사회문화/통합사회/통계,"세대 간 가치관 차이와 사회 변화 분석","세대별 가치관 차이를 설문조사와 통계 분석으로 연구한다. 사회 변화가 가치관 형성에 미치는 영향을 탐구한다.","세대갈등;가치관;설문조사;사회변화"
사회과학,경제/세계사/지리,"경제 위기의 역사와 현대 경제 정책 비교","과거 경제 위기의 원인과 대응 정책을 분석한다. 역사적 사례와 현대 경제 정책을 비교하여 경제 위기 대응 방안을 탐구한다.","경제위기;세계사;경제정책;금융"
사회과학,정치와 법/경제/통합사회,"복지 국가 모델 비교와 한국 복지 정책 방향 연구","여러 국가의 복지 제도를 비교하고 경제적 지속 가능성을 분석한다. 복지 확대와 재정 부담 사이의 관계를 탐구한다.","복지국가;사회보장;경제;정책"
사회과학,사회문화/정보/인공지능,"생성형 AI 확산이 사회 구조와 직업 변화에 미치는 영향","생성형 AI 활용 사례를 조사하고 직업 변화와 사회적 영향을 분석한다. 기술 발전과 사회 변화의 관계를 사회문화 관점에서 탐구한다.","생성형AI;사회변화;직업;기술사회"

category,subject,topic,description,keywords
자연과학,물리학/미적분/정보,"경사하강법의 수학적 원리와 물리적 최적화 과정 분석","머신러닝의 학습 과정에서 사용되는 경사하강법을 미적분의 미분 개념과 연결하여 분석한다. 함수의 기울기와 최솟값 탐색 과정을 물리학의 에너지 최소화 원리와 비교하여 탐구한다.","경사하강법;미적분;최적화;인공지능"
자연과학,물리학/수학/정보,"인공지능 신경망의 학습 원리와 물리적 모델 비교 연구","인공신경망의 구조와 학습 과정을 뉴런의 전기적 신호 전달과 비교한다. 물리학의 전기 신호 개념과 수학적 가중치 조정 원리를 활용하여 AI 학습 과정을 탐구한다.","인공신경망;전기신호;머신러닝;수학모델"
자연과학,물리학/정보/수학,"컴퓨터 비전에서 사용되는 이미지 처리와 물리학적 원리 탐구","디지털 이미지가 픽셀 데이터로 변환되는 과정을 분석하고 이미지 처리 알고리즘의 원리를 탐구한다. 빛의 성질과 행렬 연산 개념을 활용하여 이미지 인식 기술을 분석한다.","컴퓨터비전;픽셀;행렬;빛"
자연과학,물리학/미적분,"스털링 기관의 열효율과 열역학 원리 분석","스털링 기관의 작동 원리를 실험하고 온도 차이에 따른 회전 속도 변화를 측정한다. 열역학 법칙과 에너지 변환 과정 및 효율 계산을 통해 열기관의 특징을 탐구한다.","스털링기관;열역학;에너지변환;효율"
자연과학,물리학/수학/정보,"카오스 이론과 기상 예측의 한계 분석","나비효과로 알려진 카오스 현상을 수학적 모델과 함께 분석한다. 초기 조건의 작은 차이가 복잡한 시스템 변화에 미치는 영향을 기상 예측 사례와 연결하여 탐구한다.","카오스이론;기상예측;수학모델;비선형성"
자연과학,화학/생명과학/정보,"단백질 구조 예측 인공지능의 원리 분석","AI 기반 단백질 구조 예측 기술의 원리를 생명과학의 단백질 구조 개념과 연결하여 분석한다. 생물학 데이터와 머신러닝 모델이 어떻게 활용되는지 탐구한다.","단백질구조;AI;생명정보학;머신러닝"
자연과학,생명과학/화학/정보,"유전자 데이터 분석과 생명정보학 기술 탐구","DNA 염기서열 데이터를 분석하는 생명정보학 기술의 원리를 탐구한다. 유전 정보 처리 과정과 데이터 분석 알고리즘의 관계를 연구한다.","DNA;생명정보학;유전체;데이터분석"
자연과학,화학/물리학/환경,"배터리의 전기화학적 원리와 차세대 에너지 저장 기술 분석","리튬이온 배터리의 산화환원 반응과 전기 에너지 저장 원리를 분석한다. 화학 반응과 물리학적 전지 원리를 연결하여 차세대 배터리 기술을 탐구한다.","배터리;전기화학;에너지저장;산화환원"
자연과학,화학/환경과학/지구과학,"미세먼지 생성 과정과 대기 화학 반응 분석","대기 중 미세먼지가 생성되는 화학적 과정을 분석한다. 대기 오염 물질의 이동과 화학 반응을 지구 환경 변화와 연결하여 탐구한다.","미세먼지;대기화학;환경오염;화학반응"
자연과학,지구과학/물리학/정보,"기상 위성 데이터 분석을 통한 기후 변화 연구","위성 관측 자료와 기상 데이터를 활용하여 기후 변화 양상을 분석한다. 지구과학의 대기 순환 원리와 데이터 분석 방법을 연결하여 탐구한다.","기후변화;위성데이터;대기순환;데이터분석"
자연과학,생명과학/화학/의학,"혈당 조절 과정과 당뇨병 발생 원리 분석","혈당 조절 과정에서 인슐린과 호르몬의 역할을 분석한다. 생명과학의 항상성 개념과 화학적 대사 과정을 연결하여 당뇨병 발생 원인을 탐구한다.","혈당;인슐린;항상성;대사"
자연과학,생명과학/정보/수학,"머신러닝을 활용한 질병 진단 모델 원리 탐구","의료 데이터 기반 질병 예측 모델의 작동 원리를 분석한다. 생명과학 데이터와 분류 알고리즘을 활용하여 AI 의료 기술의 가능성을 탐구한다.","의료AI;분류알고리즘;생명데이터;머신러닝"
자연과학,화학/물리학/환경,"태양전지의 광전효과와 에너지 변환 효율 분석","태양전지에서 빛 에너지가 전기 에너지로 변환되는 원리를 분석한다. 광전효과와 반도체 물성을 기반으로 태양전지 효율 개선 방법을 탐구한다.","태양전지;광전효과;반도체;재생에너지"
자연과학,물리학/지구과학,"지진파 분석을 통한 지구 내부 구조 탐구","지진파의 종류와 전달 속도를 분석하여 지구 내부 구조를 연구한다. 물리학의 파동 개념과 지구과학의 판 구조론을 연결한다.","지진파;파동;지구내부;판구조론"
자연과학,생명과학/환경/화학,"생태계 내 탄소 순환과 기후 변화 관계 분석","생태계에서 탄소가 순환하는 과정을 분석하고 인간 활동이 탄소 순환에 미치는 영향을 탐구한다. 생명과학의 물질 순환과 환경 과학 개념을 연결한다.","탄소순환;생태계;기후변화;환경"
자연과학,화학/생명과학,"효소 반응 속도와 온도 및 pH 조건 분석","효소 활성 실험을 통해 온도와 pH 변화가 반응 속도에 미치는 영향을 분석한다. 화학 반응 속도와 생명과학의 효소 작용 원리를 연결한다.","효소;반응속도;촉매;pH"
자연과학,물리학/정보/수학,"컴퓨터 처리 속도와 반도체 물리 원리 분석","컴퓨터 성능 향상 과정에서 반도체 기술이 어떤 역할을 하는지 분석한다. 반도체의 전기적 특성과 정보 처리 구조를 연결하여 탐구한다.","반도체;컴퓨터;전자이동;정보처리"
자연과학,지구과학/물리학/수학,"라디오존데 데이터를 활용한 대기 안정도 분석","라디오존데로 측정한 고도별 기온과 기압 데이터를 분석한다. 대기의 연직 구조와 물리학적 안정 조건을 활용하여 기상 현상을 탐구한다.","라디오존데;대기안정도;기상데이터;물리"
자연과학,화학/환경/정보,"수질 오염 분석과 환경 데이터 처리 방법 연구","하천 및 수질 데이터를 활용하여 오염 정도를 분석한다. 화학적 수질 지표와 데이터 처리 방법을 연결하여 환경 문제 해결 방안을 탐구한다.","수질오염;환경분석;화학;데이터"
자연과학,생명과학/정보/수학,"DNA 염기서열 비교 알고리즘 탐구","DNA 서열 비교에 사용되는 알고리즘의 원리를 분석한다. 생명과학의 유전 정보와 컴퓨터 알고리즘을 융합하여 생물 정보 처리 과정을 탐구한다.","DNA;알고리즘;생물정보학;염기서열"
자연과학,물리학/천문학/수학,"행성 운동과 케플러 법칙의 수학적 분석","행성의 공전 데이터를 활용하여 케플러 법칙을 분석한다. 물리학의 중력 법칙과 수학적 모델링을 통해 천체 운동을 탐구한다.","천체운동;케플러법칙;중력;수학모델"
자연과학,화학/생명과학/의학,"약물 작용 과정과 화학 구조 분석","약물이 체내에서 작용하는 과정을 화학 구조와 생명 반응 관점에서 분석한다. 분자 구조와 생체 반응 사이의 관계를 탐구한다.","약물;분자구조;생화학;의학"
자연과학,물리학/의학/정보,"의료 영상 기술의 물리학적 원리 분석","MRI와 CT 등 의료 영상 기술의 작동 원리를 분석한다. 물리학의 전자기파와 영상 처리 알고리즘이 의료 분야에 활용되는 과정을 탐구한다.","MRI;CT;전자기파;의료영상"
자연과학,생명과학/환경/지리,"생물 다양성과 환경 변화의 관계 분석","지역별 생물 다양성 데이터를 활용하여 환경 변화와 생태계 영향을 분석한다. 생태학적 지표와 환경 요인의 관계를 탐구한다.","생물다양성;생태계;환경변화;생태학"
자연과학,화학/물리학/재료공학,"신소재 개발과 물질의 구조적 특성 연구","그래핀과 같은 신소재의 구조와 물성을 분석한다. 화학 결합과 물리적 특성이 새로운 소재 개발에 미치는 영향을 탐구한다.","신소재;그래핀;물질구조;재료과학"
자연과학,지구과학/환경/정보,"해수면 상승 데이터 분석과 기후 변화 예측","해수면 변화 데이터를 분석하여 기후 변화 영향을 연구한다. 지구 시스템 변화와 통계적 예측 방법을 연결하여 탐구한다.","해수면상승;기후변화;예측;환경데이터"
자연과학,생명과학/화학/정보,"미생물 성장 모델과 감염병 확산 분석","미생물 성장 과정과 감염병 확산 모델을 분석한다. 생명과학의 생장 원리와 수학적 모델링을 활용하여 질병 확산 과정을 탐구한다.","미생물;감염병;수학모델;생명과학"
자연과학,물리학/수학,"진자의 운동 분석과 주기 변화 탐구","진자 실험을 통해 길이와 중력 변화가 주기에 미치는 영향을 분석한다. 물리학의 운동 법칙과 수학적 관계식을 활용한다.","진자;운동;주기;역학"
자연과학,화학/정보/인공지능,"화학 반응 예측 인공지능 모델 탐구","화학 반응 데이터를 활용한 AI 예측 모델의 원리를 분석한다. 화학 반응식과 머신러닝 알고리즘을 연결하여 화학 데이터 처리 과정을 탐구한다.","화학AI;반응예측;머신러닝;화학데이터"
자연과학,지구과학/물리학/정보,"인공위성 궤도와 우주 관측 기술 분석","인공위성의 궤도 운동과 관측 기술의 원리를 분석한다. 물리학의 중력 개념과 지구과학의 원격 탐사 기술을 연결한다.","인공위성;우주;중력;원격탐사"

category,subject,topic,description,keywords
공학,정보/인공지능 기초/수학,"머신러닝 분류 알고리즘의 원리와 성능 비교 분석","KNN, 의사결정나무, 신경망 등 머신러닝 알고리즘의 작동 원리를 분석하고 공개 데이터를 활용해 성능을 비교한다. 정확도, 정밀도, 재현율 등 평가 지표를 활용하여 모델의 특징을 탐구한다.","머신러닝;분류알고리즘;데이터분석;인공지능"
공학,정보/미적분/인공지능 기초,"경사하강법과 인공지능 학습 과정의 수학적 원리 탐구","인공지능 모델 학습 과정에서 사용되는 경사하강법의 원리를 미적분의 미분 개념과 연결하여 분석한다. 손실 함수의 변화와 최적화 과정을 시뮬레이션하여 탐구한다.","경사하강법;미적분;최적화;AI학습"
공학,정보/수학/인공지능 기초,"PCA 알고리즘을 활용한 데이터 차원 축소 원리 분석","고차원 데이터를 저차원 공간으로 변환하는 PCA 알고리즘의 원리를 분석한다. 공분산 행렬과 고유벡터 개념을 활용하여 데이터 압축 과정을 탐구한다.","PCA;차원축소;선형대수;데이터과학"
공학,정보/수학/통계,"추천 시스템의 데이터 처리 원리와 사용자 예측 모델 연구","온라인 서비스에서 사용되는 추천 시스템의 작동 원리를 분석한다. 사용자 행동 데이터를 기반으로 유사도 계산과 예측 알고리즘을 탐구한다.","추천시스템;협업필터링;데이터분석;인공지능"
공학,정보/물리학/전자공학,"자율주행 자동차의 센서 융합 기술 분석","자율주행 자동차에 사용되는 카메라, 라이다, 레이더 센서의 원리를 분석한다. 물리학의 빛과 전자기파 개념을 활용하여 센서 데이터 처리 과정을 탐구한다.","자율주행;센서;라이다;전자기파"
공학,정보/생명과학/인공지능,"딥러닝 기반 의료 영상 분석 기술 탐구","CNN 기반 의료 영상 분석 기술의 원리를 분석하고 질병 진단 AI 사례를 탐구한다. 이미지 데이터 처리 과정과 인공지능 모델 구조를 연결하여 연구한다.","딥러닝;CNN;의료AI;영상분석"
공학,정보/수학/컴퓨터과학,"암호 알고리즘의 수학적 원리와 정보 보안 분석","RSA와 같은 암호 알고리즘의 원리를 소수와 모듈러 연산 개념과 연결하여 분석한다. 현대 정보 보안에서 암호 기술이 활용되는 방식을 탐구한다.","암호학;RSA;정보보안;수론"
공학,정보/기술·가정/사회문화,"스마트홈 기술과 IoT 기반 생활 변화 연구","IoT 기기의 구조와 데이터 통신 과정을 분석하고 스마트홈 기술이 생활 방식에 미치는 영향을 탐구한다. 센서와 네트워크 기술의 활용 사례를 조사한다.","IoT;스마트홈;센서;네트워크"
공학,정보/물리학/전자공학,"반도체 구조와 컴퓨터 성능 발전 과정 분석","반도체의 구조와 전자의 이동 원리를 분석하고 CPU와 GPU 발전 과정과 연결한다. 물리학의 반도체 원리와 정보 처리 기술의 관계를 탐구한다.","반도체;전자이동;CPU;컴퓨터구조"
공학,정보/수학/알고리즘,"최단 경로 알고리즘과 실제 경로 탐색 시스템 분석","다익스트라 알고리즘과 A* 알고리즘의 원리를 분석하고 지도 서비스의 경로 탐색 과정과 연결한다. 그래프 이론과 알고리즘 효율성을 비교한다.","알고리즘;그래프이론;다익스트라;최적화"
공학,정보/인공지능 기초/언어와 매체,"자연어 처리 기술과 AI 언어 모델의 작동 원리 탐구","자연어 처리 과정에서 사용되는 토큰화와 임베딩 개념을 분석한다. 언어 데이터를 벡터로 변환하는 과정과 AI 언어 모델의 특징을 탐구한다.","자연어처리;임베딩;언어모델;AI"
공학,정보/수학/인공지능 기초,"인공지능 임베딩 벡터와 코사인 유사도 분석","텍스트 데이터를 벡터 공간으로 표현하는 임베딩 기술을 분석한다. 벡터 내적과 코사인 유사도를 활용하여 단어 간 의미 관계를 수학적으로 탐구한다.","임베딩;벡터;코사인유사도;자연어처리"
공학,정보/기술·가정/환경,"스마트팜 기술과 데이터 기반 농업 시스템 분석","스마트팜에서 활용되는 센서와 데이터 분석 기술을 조사한다. 환경 데이터 수집과 자동 제어 시스템이 농업 생산성 향상에 미치는 영향을 탐구한다.","스마트팜;IoT;농업데이터;자동제어"
공학,정보/물리학/수학,"컴퓨터 그래픽스의 3차원 좌표 변환 원리 탐구","3D 그래픽에서 사용되는 좌표 변환과 행렬 연산 원리를 분석한다. 수학적 공간 변환과 게임 및 영상 기술의 관계를 탐구한다.","컴퓨터그래픽스;행렬;3D모델링;좌표변환"
공학,정보/인공지능 기초/수학,"강화학습 알고리즘과 게임 AI 의사결정 구조 분석","강화학습에서 보상과 행동 선택 과정이 어떻게 이루어지는지 분석한다. 마르코프 결정 과정과 머신러닝 원리를 활용하여 AI 의사결정을 탐구한다.","강화학습;게임AI;머신러닝;보상"
공학,정보/정보통신/물리학,"5G와 6G 통신 기술의 데이터 전송 원리 분석","무선 통신에서 데이터가 전달되는 과정을 분석한다. 전자기파와 주파수 개념을 활용하여 통신 기술 발전 과정을 탐구한다.","5G;통신;전자기파;네트워크"
공학,정보/수학/보안,"블록체인 기술의 구조와 데이터 무결성 원리 연구","블록체인의 블록 구조와 해시 함수 원리를 분석한다. 암호 기술과 분산 시스템이 데이터 신뢰성을 유지하는 방식을 탐구한다.","블록체인;해시;보안;분산시스템"
공학,정보/기술·가정/전자공학,"웨어러블 기기의 센서 기술과 건강 관리 시스템 분석","스마트워치 등 웨어러블 기기에 활용되는 센서 기술을 분석한다. 생체 데이터 측정 원리와 데이터 처리 과정을 탐구한다.","웨어러블;센서;헬스케어;데이터"
공학,정보/수학/인공지능 기초,"GAN 모델을 활용한 이미지 생성 인공지능 원리 탐구","생성적 적대 신경망(GAN)의 생성자와 판별자 구조를 분석한다. 딥러닝 학습 과정과 이미지 생성 원리를 탐구한다.","GAN;딥러닝;이미지생성;신경망"
공학,정보/물리학/로봇공학,"로봇의 위치 제어와 센서 기반 움직임 분석","로봇이 주변 환경을 인식하고 움직이는 과정을 분석한다. 물리학의 운동 법칙과 센서 데이터를 활용한 제어 시스템을 탐구한다.","로봇;제어;센서;자동화"
공학,정보/수학/데이터과학,"데이터 시각화가 정보 전달에 미치는 영향 분석","데이터를 그래프와 시각 자료로 표현하는 방법을 분석한다. 통계적 정보 전달 과정과 시각화 방식에 따른 해석 차이를 탐구한다.","데이터시각화;통계;정보표현;데이터과학"
공학,정보/인공지능 기초/윤리,"인공지능 모델의 편향과 데이터 품질 문제 분석","AI 모델 학습 과정에서 발생하는 데이터 편향 문제를 분석한다. 학습 데이터 구성과 모델 결과 사이의 관계를 탐구한다.","AI편향;데이터품질;머신러닝;윤리"
공학,정보/수학/컴퓨터과학,"정렬 알고리즘의 효율성과 시간복잡도 비교 연구","버블 정렬, 병합 정렬 등 다양한 정렬 알고리즘을 구현하고 성능을 비교한다. 빅오 표기법을 활용하여 알고리즘 효율성을 분석한다.","정렬알고리즘;시간복잡도;빅오;프로그래밍"
공학,정보/기술·가정/환경,"재생에너지 관리 시스템과 에너지 데이터 분석","태양광과 풍력 발전 시스템에서 수집되는 데이터를 분석한다. 에너지 생산량 예측과 스마트 에너지 관리 기술을 탐구한다.","재생에너지;에너지데이터;스마트그리드;환경"
공학,정보/생명과학/통계,"유전자 데이터 분석 프로그램 구현 탐구","생명과학의 DNA 데이터를 컴퓨터로 처리하는 방법을 탐구한다. 염기서열 비교 알고리즘과 데이터 분석 방법을 구현한다.","유전체;알고리즘;생명정보학;코딩"
공학,정보/수학/인공지능,"머신러닝 모델 평가 지표와 성능 개선 방법 연구","정확도, 손실 함수, 과적합 등의 개념을 분석한다. 데이터 분할과 모델 개선 방법을 실험하여 머신러닝 성능 향상 과정을 탐구한다.","머신러닝;평가지표;과적합;모델개선"
공학,정보/물리학/전자공학,"드론 기술과 비행 제어 시스템 분석","드론의 비행 원리와 센서 기반 제어 시스템을 분석한다. 물리학의 힘과 운동 개념을 활용하여 드론 제어 기술을 탐구한다.","드론;비행제어;센서;물리"
공학,정보/인공지능 기초/미술,"AI 이미지 생성 기술과 디지털 콘텐츠 제작 분석","생성형 AI 이미지 모델의 작동 원리를 분석한다. 이미지 데이터 학습 과정과 디지털 콘텐츠 제작 분야의 변화를 탐구한다.","생성AI;이미지생성;딥러닝;콘텐츠"
공학,정보/수학/네트워크,"네트워크 구조와 인터넷 데이터 전달 과정 분석","인터넷에서 데이터가 이동하는 과정을 네트워크 구조와 함께 분석한다. 그래프 이론과 패킷 전달 원리를 활용하여 정보 통신 구조를 탐구한다.","네트워크;인터넷;패킷;그래프"
공학,정보/기술·가정/인공지능,"생활 문제 해결을 위한 AI 서비스 개발 탐구","일상 속 문제를 해결하는 AI 서비스 아이디어를 설계하고 구현 과정을 탐구한다. 데이터 수집과 모델 활용 과정을 중심으로 분석한다.","AI서비스;프로젝트;데이터;문제해결"

category,subject,topic,description,keywords
예체능,미술/정보/인공지능,"생성형 AI 이미지와 인간 예술 작품의 표현 방식 비교 분석","생성형 AI가 제작한 이미지와 인간 작가의 작품을 비교하여 색채, 구도, 표현 방식의 차이를 분석한다. 인공지능 이미지 생성 원리와 미술의 창작 과정을 연결하여 예술과 기술의 관계를 탐구한다.","생성형AI;디지털미술;예술창작;인공지능"
예체능,미술/수학/정보,"프랙탈 기하학과 자연 속 예술적 패턴 분석","나뭇가지, 조개, 구름 등 자연물에서 나타나는 프랙탈 구조를 분석한다. 수학적 자기유사성과 미술 작품의 패턴 표현 방식을 연결하여 탐구한다.","프랙탈;기하학;패턴;자연미술"
예체능,미술/물리학/정보,"빛과 색채의 과학적 원리가 미술 표현에 미치는 영향","빛의 파장과 색의 인식 원리를 분석하고 미술 작품에서 색채가 활용되는 방식을 탐구한다. 물리학의 빛의 성질과 색채 표현 기법을 연결하여 연구한다.","빛;색채;물리학;미술표현"
예체능,미술/정보/인공지능,"컴퓨터 비전 기술을 활용한 미술 작품 분석","AI 이미지 분석 기술이 미술 작품의 특징을 어떻게 추출하는지 탐구한다. 이미지 인식 알고리즘과 미술 작품 분석 방법을 비교하여 기술과 예술의 융합 가능성을 연구한다.","컴퓨터비전;이미지분석;AI;미술"
예체능,음악/수학/정보,"음악 속 수학적 구조와 알고리즘 작곡 원리 탐구","음악의 박자, 음계, 화음 구조에 포함된 수학적 규칙을 분석한다. 알고리즘을 활용한 음악 생성 원리와 인간 작곡 방식의 차이를 탐구한다.","음악;수학;알고리즘작곡;패턴"
예체능,음악/물리학/수학,"소리의 물리학과 악기 구조에 따른 음색 분석","소리의 진동과 주파수 개념을 활용하여 악기의 음색 차이를 분석한다. 물리학의 파동 원리와 음악 표현 방식의 관계를 탐구한다.","소리;파동;주파수;악기"
예체능,음악/정보/인공지능,"AI 작곡 기술의 원리와 음악 창작 변화 분석","인공지능 작곡 프로그램의 작동 원리를 분석하고 인간 작곡과 비교한다. 머신러닝 기반 음악 생성 과정이 음악 산업에 미치는 영향을 탐구한다.","AI작곡;머신러닝;음악생성;창작"
예체능,음악/생명과학/심리학,"음악이 인간의 감정과 신체 반응에 미치는 영향 연구","음악 감상이 심박수, 집중력, 감정 변화에 미치는 영향을 분석한다. 생명과학의 신경계 원리와 심리학적 감정 반응을 연결하여 탐구한다.","음악치료;심리;신경계;감정"
예체능,체육/생명과학/물리학,"운동 수행 능력 향상을 위한 신체 움직임 분석","운동 과정에서 발생하는 근육 움직임과 힘의 변화를 분석한다. 생명과학의 근육 작용과 물리학의 운동 법칙을 활용하여 효율적인 움직임을 탐구한다.","운동역학;근육;힘;체육과학"
예체능,체육/물리학/수학,"스포츠 경기 속 물리 법칙과 경기력 분석","축구, 농구 등 스포츠 상황에서 발생하는 운동 원리를 분석한다. 속도, 힘, 각도 등의 물리량을 활용하여 경기 기술 향상 요인을 탐구한다.","스포츠물리;운동;역학;경기분석"
예체능,체육/정보/인공지능,"웨어러블 센서를 활용한 운동 데이터 분석","스마트워치와 운동 센서에서 수집되는 데이터를 분석한다. 데이터 처리 기술과 체육 활동 분석을 연결하여 개인 맞춤형 운동 방법을 탐구한다.","웨어러블;운동데이터;센서;AI"
예체능,체육/생명과학/화학,"운동과 에너지 대사의 관계 분석","운동 강도 변화에 따른 에너지 소비와 신체 대사 과정을 분석한다. 생명과학의 세포 호흡과 화학적 에너지 변환 원리를 활용하여 탐구한다.","운동대사;ATP;에너지;생명과학"
예체능,체육/통합사회/경제,"스포츠 산업의 경제적 가치와 사회적 영향 분석","프로 스포츠 산업의 성장 과정과 경제적 효과를 분석한다. 스포츠가 사회 문화와 경제 활동에 미치는 영향을 탐구한다.","스포츠산업;경제;사회문화;마케팅"
예체능,진로와직업/정보/인공지능,"인공지능 시대의 미래 직업 변화와 진로 설계 연구","인공지능 기술 발전으로 변화하는 직업 구조를 분석한다. 미래 산업 데이터를 활용하여 진로 변화 방향과 필요한 역량을 탐구한다.","진로;인공지능;직업변화;미래사회"
예체능,진로와직업/사회문화/정보,"직업 선택 요인과 사회 변화의 관계 분석","직업 선택에 영향을 미치는 개인적 요인과 사회적 요인을 조사한다. 설문 조사와 통계 분석을 활용하여 진로 결정 과정의 특징을 탐구한다.","진로탐색;사회변화;설문조사;통계"
예체능,미술/역사/사회문화,"시대별 미술 양식 변화와 사회적 배경 분석","르네상스, 근현대 미술 등 시대별 작품 특징을 분석한다. 역사적 사건과 사회 변화가 예술 표현 방식에 미친 영향을 탐구한다.","미술사;역사;사회문화;예술"
예체능,음악/세계사/사회문화,"세계 음악 문화의 형성과 사회적 배경 연구","각 지역의 음악 특징과 역사적 배경을 분석한다. 음악이 사회 구성원의 정체성과 문화 형성에 미친 영향을 탐구한다.","음악문화;세계사;문화;사회"
예체능,미술/정보/컴퓨터과학,"디지털 아트 제작 기술과 컴퓨터 그래픽 원리 분석","디지털 이미지 제작 과정과 컴퓨터 그래픽 기술을 분석한다. 픽셀, 벡터, 그래픽 알고리즘이 예술 표현에 활용되는 방식을 탐구한다.","디지털아트;컴퓨터그래픽;픽셀;벡터"
예체능,체육/정보/수학,"스포츠 경기 데이터 분석과 전략 최적화 연구","스포츠 경기 기록 데이터를 분석하여 승패에 영향을 주는 요인을 탐구한다. 통계 분석과 데이터 시각화를 활용하여 경기 전략 개선 방법을 연구한다.","스포츠데이터;통계;전략분석;데이터시각화"
예체능,진로와직업/공학/정보,"융합 기술 분야 직업 변화와 미래 역량 분석","AI, 로봇, 바이오 등 융합 기술 분야의 직업 변화를 조사한다. 산업 변화 데이터를 분석하여 미래 직업에서 요구되는 역량을 탐구한다.","미래직업;융합기술;공학;진로"